﻿<?xml version='1.0' encoding='utf-8'?><m:page id='f483c55a-cc0b-4017-9f4e-dcdf1a13c6b0' xmlns='http://www.w3.org/1999/xhtml' title='Please use desktop' class='layout-atlas layout-atlas-responsive-default' url='/p/pleaseusedesktop' xmlns:m='http://schemas.mendix.com/forms/1.0'><m:layouts><m:layout path='Atlas_Core/Atlas_Default.layout.xml'></m:layout></m:layouts><m:arguments><m:argument parameterName='e51872b6-ecd7-4203-90dd-92de20879072'><div data-mendix-id='22.MyFirstModule.PleaseUseDesktop.layoutGrid1' data-mendix-type='mxui.widget.ReactWidgetWrapper' data-mendix-props='"widgetTree":[{"$widgetId":"22.MyFirstModule.PleaseUseDesktop.layoutGrid1","widget":"Div","props":{"class":"mx-name-layoutGrid1 mx-layoutgrid mx-layoutgrid-fluid container-fluid","content":[{"$widgetId":"22.MyFirstModule.PleaseUseDesktop.layoutGrid1$row0","widget":"Div","props":{"class":"row","content":[{"$widgetId":"22.MyFirstModule.PleaseUseDesktop.layoutGrid1$row0$column0","widget":"Div","props":{"class":"col-lg-12 col-md-12 col-12","content":[{"$widgetId":"22.MyFirstModule.PleaseUseDesktop.text1","widget":"Text","props":{"class":"mx-name-text1","caption":{"$type":"ExpressionProperty","expression":{"expr":{"type":"literal","value":"Please Use Desktop App"},"args":{}}},"renderMode":"h4"}}]}}]}}]}}],"listenTargets":[]'></div></m:argument></m:arguments></m:page>