﻿<?xml version='1.0' encoding='utf-8'?><m:layout id='0b55c28c-0464-4614-af01-ec68ad01d17e' xmlns='http://www.w3.org/1999/xhtml' xmlns:m='http://schemas.mendix.com/forms/1.0'><m:arguments><m:argument><div data-mendix-id='16.Atlas_Core.Phone_Default.scrollContainer1' data-mendix-type='mxui.widget.VerticalScrollContainer' data-mendix-props='"fixed":true,"config":[{"position":"top"},{"position":"middle"},{"position":"bottom"}]' class='mx-scrollcontainer mx-scrollcontainer-vertical mx-scrollcontainer-fixed'><div class='mx-scrollcontainer-top '><div class='mx-scrollcontainer-wrapper'><div class='mx-header mx-name-header1'><div class='mx-header-center'><div data-mendix-id='16.2' data-mendix-type='mxui.widget.ReactWidgetWrapper' data-mendix-props='"widgetTree":[{"$widgetId":"16.2","widget":"Title","props":{"class":"","caption":{"$type":"ExpressionProperty","expression":{"expr":{"type":"variable","variable":"pageTitle"},"args":{}}}}}],"listenTargets":[]'></div></div><div class='mx-header-left'><div data-mx-placeholder='e1c0cb51-bf73-439b-bc2c-f46ef82ff93d' class='mx-placeholder'></div></div><div class='mx-header-right'><div data-mx-placeholder='a89e38d8-1f47-4801-a97c-20435a890dae' class='mx-placeholder'></div></div></div></div></div><div class='mx-scrollcontainer-middle region-content'><div class='mx-scrollcontainer-wrapper'><div data-mx-placeholder='9d9fb083-2882-423c-8d68-a69658f9d45d' class='mx-placeholder'></div></div></div><div class='mx-scrollcontainer-bottom region-bottombar'><div class='mx-scrollcontainer-wrapper'><div data-mendix-id='16.Atlas_Core.Phone_Default.simpleMenuBar1' data-mendix-type='mxui.widget.ReactWidgetWrapper' data-mendix-props='"widgetTree":[{"$widgetId":"16.Atlas_Core.Phone_Default.simpleMenuBar1","widget":"SimpleMenuBar","props":{"class":"mx-name-simpleMenuBar1 bottom-nav-text-icons","menu":[{"caption":{"$type":"TextProperty","value":"Home"},"icon":{"$type":"IconProperty","icon":{"type":"glyph","iconClass":"glyphicon-home"}},"action":null},{"caption":{"$type":"TextProperty","value":"Layouts"},"icon":{"$type":"IconProperty","icon":{"type":"glyph","iconClass":"glyphicon-book"}},"action":null},{"caption":{"$type":"TextProperty","value":"Templates"},"icon":{"$type":"IconProperty","icon":{"type":"glyph","iconClass":"glyphicon-file"}},"action":null},{"caption":{"$type":"TextProperty","value":"Widgets"},"icon":{"$type":"IconProperty","icon":{"type":"glyph","iconClass":"glyphicon-cog"}},"action":null}],"orientation":"horizontal"}}],"listenTargets":[]'></div></div></div></div></m:argument></m:arguments></m:layout>