﻿<?xml version='1.0' encoding='utf-8'?><m:layout id='cfee6f0e-421f-44f5-aee8-b6979089a881' xmlns='http://www.w3.org/1999/xhtml' xmlns:m='http://schemas.mendix.com/forms/1.0'><m:arguments><m:argument><div data-mendix-id='11.Atlas_Core.Phone_BottomBar.scrollContainer1' data-mendix-type='mxui.widget.VerticalScrollContainer' data-mendix-props='"fixed":true,"config":[{"position":"middle"},{"position":"bottom"}]' class='mx-scrollcontainer mx-scrollcontainer-vertical mx-scrollcontainer-fixed'><div class='mx-scrollcontainer-middle region-content'><div class='mx-scrollcontainer-wrapper'><div data-mx-placeholder='30a7a2f9-a03c-4ab4-9c10-557894a046a0' class='mx-placeholder'></div></div></div><div class='mx-scrollcontainer-bottom region-bottombar'><div class='mx-scrollcontainer-wrapper'><div data-mendix-id='11.Atlas_Core.Phone_BottomBar.simpleMenuBar1' data-mendix-type='mxui.widget.ReactWidgetWrapper' data-mendix-props='"widgetTree":[{"$widgetId":"11.Atlas_Core.Phone_BottomBar.simpleMenuBar1","widget":"SimpleMenuBar","props":{"class":"mx-name-simpleMenuBar1 bottom-nav-text-icons","menu":[{"caption":{"$type":"TextProperty","value":"Home"},"icon":{"$type":"IconProperty","icon":{"type":"glyph","iconClass":"glyphicon-home"}},"action":null},{"caption":{"$type":"TextProperty","value":"Layouts"},"icon":{"$type":"IconProperty","icon":{"type":"glyph","iconClass":"glyphicon-book"}},"action":null},{"caption":{"$type":"TextProperty","value":"Templates"},"icon":{"$type":"IconProperty","icon":{"type":"glyph","iconClass":"glyphicon-file"}},"action":null},{"caption":{"$type":"TextProperty","value":"Widgets"},"icon":{"$type":"IconProperty","icon":{"type":"glyph","iconClass":"glyphicon-cog"}},"action":null}],"orientation":"horizontal"}}],"listenTargets":[]'></div></div></div></div></m:argument></m:arguments></m:layout>