﻿<?xml version='1.0' encoding='utf-8'?><m:layout id='1210b642-4a44-4616-b9fe-14e76248420c' xmlns='http://www.w3.org/1999/xhtml' xmlns:m='http://schemas.mendix.com/forms/1.0'><m:arguments><m:argument><div data-mendix-id='12.Atlas_Core.Phone_FullPage.scrollContainer1' data-mendix-type='mxui.widget.HorizontalScrollContainer' data-mendix-props='"fixed":true,"config":[{"position":"center"}]' class='mx-scrollcontainer mx-scrollcontainer-horizontal mx-scrollcontainer-fixed'><div class='mx-scrollcontainer-center region-content'><div class='mx-scrollcontainer-wrapper'><div data-mx-placeholder='37889119-a126-48eb-8850-894d1892bd7e' class='mx-placeholder'></div></div></div></div></m:argument></m:arguments></m:layout>