﻿<?xml version='1.0' encoding='utf-8'?><m:layout id='e7844a81-2e85-449d-9211-7ec565155c87' xmlns='http://www.w3.org/1999/xhtml' xmlns:m='http://schemas.mendix.com/forms/1.0'><m:arguments><m:argument><div data-mendix-id='13.Atlas_Core.Phone_TopBar.scrollContainer1' data-mendix-type='mxui.widget.VerticalScrollContainer' data-mendix-props='"fixed":true,"config":[{"position":"top"},{"position":"middle"}]' class='mx-scrollcontainer mx-scrollcontainer-vertical mx-scrollcontainer-fixed'><div class='mx-scrollcontainer-top region-topbar'><div class='mx-scrollcontainer-wrapper'><div class='mx-header mx-name-header1'><div class='mx-header-center'><div data-mendix-id='13.2' data-mendix-type='mxui.widget.ReactWidgetWrapper' data-mendix-props='"widgetTree":[{"$widgetId":"13.2","widget":"Title","props":{"class":"","caption":{"$type":"ExpressionProperty","expression":{"expr":{"type":"variable","variable":"pageTitle"},"args":{}}}}}],"listenTargets":[]'></div></div><div class='mx-header-left'><div data-mx-placeholder='4030f0f0-2101-45de-952f-13ad5fe4fd0d' class='mx-placeholder'></div></div><div class='mx-header-right'><div data-mx-placeholder='46b192b1-c36c-4292-b14f-90dba7654c0e' class='mx-placeholder'></div></div></div></div></div><div class='mx-scrollcontainer-middle region-content'><div class='mx-scrollcontainer-wrapper'><div data-mx-placeholder='db676b25-8ca1-45f2-8ebc-e815eec9f6ff' class='mx-placeholder'></div></div></div></div></m:argument></m:arguments></m:layout>