﻿<?xml version='1.0' encoding='utf-8'?><m:layout id='35657a73-30fe-4c58-bdc9-3e5d3f971c53' xmlns='http://www.w3.org/1999/xhtml' xmlns:m='http://schemas.mendix.com/forms/1.0'><m:arguments><m:argument><div data-mendix-id='26.Atlas_Core.PopupLayout.scrollContainer1' data-mendix-type='mxui.widget.HorizontalScrollContainer' data-mendix-props='"fixed":true,"config":[{"position":"center"}]' class='mx-scrollcontainer mx-scrollcontainer-horizontal mx-scrollcontainer-fixed'><div class='mx-scrollcontainer-center '><div class='mx-scrollcontainer-wrapper'><div data-mx-placeholder='8586777c-1811-4e2b-b681-438a8351f016' class='mx-placeholder'></div></div></div></div></m:argument></m:arguments></m:layout>