﻿<?xml version='1.0' encoding='utf-8'?><m:layout id='c48c222f-9826-460b-bcf5-3e037ffd46e9' xmlns='http://www.w3.org/1999/xhtml' xmlns:m='http://schemas.mendix.com/forms/1.0'><m:arguments><m:argument><div data-mendix-id='27.Atlas_Core.Tablet_FullPage.layoutContainer' data-mendix-type='mxui.widget.VerticalScrollContainer' data-mendix-props='"fixed":true,"config":[{"position":"middle"}]' class='mx-scrollcontainer mx-scrollcontainer-vertical mx-scrollcontainer-fixed'><div class='mx-scrollcontainer-middle region-content'><div class='mx-scrollcontainer-wrapper'><div data-mx-placeholder='6a9653b4-d256-4f78-932e-dd961aba5f07' class='mx-placeholder'></div></div></div></div></m:argument></m:arguments></m:layout>