﻿<?xml version='1.0' encoding='utf-8'?><m:layout id='1bd641db-c7a4-4133-8f82-73b6c3c39ae7' xmlns='http://www.w3.org/1999/xhtml' xmlns:m='http://schemas.mendix.com/forms/1.0'><m:arguments><m:argument><div data-mendix-id='20.Atlas_Core.Tablet_Split_Right.layoutContainer' data-mendix-type='mxui.widget.VerticalScrollContainer' data-mendix-props='"fixed":true,"config":[{"position":"top"},{"position":"middle"},{"position":"bottom"}]' class='mx-scrollcontainer mx-scrollcontainer-vertical mx-scrollcontainer-fixed'><div class='mx-scrollcontainer-top region-topbar'><div class='mx-scrollcontainer-wrapper'><div class='mx-header mx-name-header1'><div class='mx-header-center'><div data-mendix-id='20.2' data-mendix-type='mxui.widget.ReactWidgetWrapper' data-mendix-props='"widgetTree":[{"$widgetId":"20.2","widget":"Title","props":{"class":"","caption":{"$type":"ExpressionProperty","expression":{"expr":{"type":"variable","variable":"pageTitle"},"args":{}}}}}],"listenTargets":[]'></div></div><div class='mx-header-left'><div data-mx-placeholder='e8bc8877-3e6f-4d24-a15e-b5d04c4e04dc' class='mx-placeholder'></div></div><div class='mx-header-right'><div data-mx-placeholder='53cee7ee-f00e-4841-8967-872ac0b5d7c7' class='mx-placeholder'></div></div></div></div></div><div class='mx-scrollcontainer-middle '><div class='mx-scrollcontainer-wrapper mx-scrollcontainer-nested'><div data-mendix-id='20.Atlas_Core.Tablet_Split_Right.layoutContainer$DanielSan' data-mendix-type='mxui.widget.HorizontalScrollContainer' data-mendix-props='"fixed":true,"config":[{"position":"center"},{"position":"right"}]' class='mx-scrollcontainer mx-scrollcontainer-horizontal mx-scrollcontainer-fixed'><div class='mx-scrollcontainer-center region-content'><div class='mx-scrollcontainer-wrapper'><div data-mx-placeholder='d381e94d-838b-4bd4-bef6-4cb4dc19d744' class='mx-placeholder'></div></div></div><div class='mx-scrollcontainer-right ' style='width:375px;'><div class='mx-scrollcontainer-wrapper'><div data-mx-placeholder='2dfa5c3f-07de-4c6b-8ad1-d95a83adaea2' class='mx-placeholder'></div></div></div></div></div></div><div class='mx-scrollcontainer-bottom region-bottombar'><div class='mx-scrollcontainer-wrapper'><div data-mendix-id='20.Atlas_Core.Tablet_Split_Right.simpleMenuBar1' data-mendix-type='mxui.widget.ReactWidgetWrapper' data-mendix-props='"widgetTree":[{"$widgetId":"20.Atlas_Core.Tablet_Split_Right.simpleMenuBar1","widget":"SimpleMenuBar","props":{"class":"mx-name-simpleMenuBar1 bottom-nav-text-icons","menu":[{"caption":{"$type":"TextProperty","value":"Home"},"icon":{"$type":"IconProperty","icon":{"type":"glyph","iconClass":"glyphicon-home"}},"action":null},{"caption":{"$type":"TextProperty","value":"Layouts"},"icon":{"$type":"IconProperty","icon":{"type":"glyph","iconClass":"glyphicon-book"}},"action":null},{"caption":{"$type":"TextProperty","value":"Templates"},"icon":{"$type":"IconProperty","icon":{"type":"glyph","iconClass":"glyphicon-file"}},"action":null},{"caption":{"$type":"TextProperty","value":"Widgets"},"icon":{"$type":"IconProperty","icon":{"type":"glyph","iconClass":"glyphicon-cog"}},"action":null}],"orientation":"horizontal"}}],"listenTargets":[]'></div></div></div></div></m:argument></m:arguments></m:layout>