﻿<?xml version='1.0' encoding='utf-8'?><m:layout id='87a6ab21-a385-49c5-98e5-85af25ebfc44' xmlns='http://www.w3.org/1999/xhtml' xmlns:m='http://schemas.mendix.com/forms/1.0'><m:arguments><m:argument><div data-mendix-id='24.Atlas_Core.Tablet_Split_Equal.layoutContainer' data-mendix-type='mxui.widget.VerticalScrollContainer' data-mendix-props='"fixed":true,"config":[{"position":"top"},{"position":"middle"},{"position":"bottom"}]' class='mx-scrollcontainer mx-scrollcontainer-vertical mx-scrollcontainer-fixed'><div class='mx-scrollcontainer-top region-topbar'><div class='mx-scrollcontainer-wrapper'><div class='mx-header mx-name-header1'><div class='mx-header-center'><div data-mendix-id='24.2' data-mendix-type='mxui.widget.ReactWidgetWrapper' data-mendix-props='"widgetTree":[{"$widgetId":"24.2","widget":"Title","props":{"class":"","caption":{"$type":"ExpressionProperty","expression":{"expr":{"type":"variable","variable":"pageTitle"},"args":{}}}}}],"listenTargets":[]'></div></div><div class='mx-header-left'><div data-mx-placeholder='a946025c-3b21-43ec-b123-6b0c9f55e5bc' class='mx-placeholder'></div></div><div class='mx-header-right'><div data-mx-placeholder='71960418-1767-4463-a240-7376f8f73a38' class='mx-placeholder'></div></div></div></div></div><div class='mx-scrollcontainer-middle '><div class='mx-scrollcontainer-wrapper mx-scrollcontainer-nested'><div data-mendix-id='24.Atlas_Core.Tablet_Split_Equal.layoutContainer$DanielSan' data-mendix-type='mxui.widget.HorizontalScrollContainer' data-mendix-props='"fixed":true,"config":[{"position":"left"},{"position":"center"}]' class='mx-scrollcontainer mx-scrollcontainer-horizontal mx-scrollcontainer-fixed'><div class='mx-scrollcontainer-left region-left' style='width:50%;'><div class='mx-scrollcontainer-wrapper'><div data-mx-placeholder='824b0ac8-5fe3-4df4-b2d1-3a4123c3e3a1' class='mx-placeholder'></div></div></div><div class='mx-scrollcontainer-center region-content'><div class='mx-scrollcontainer-wrapper'><div data-mx-placeholder='54a094f2-5084-4171-8862-a1a5584f654d' class='mx-placeholder'></div></div></div></div></div></div><div class='mx-scrollcontainer-bottom region-bottombar'><div class='mx-scrollcontainer-wrapper'><div data-mendix-id='24.Atlas_Core.Tablet_Split_Equal.simpleMenuBar1' data-mendix-type='mxui.widget.ReactWidgetWrapper' data-mendix-props='"widgetTree":[{"$widgetId":"24.Atlas_Core.Tablet_Split_Equal.simpleMenuBar1","widget":"SimpleMenuBar","props":{"class":"mx-name-simpleMenuBar1 bottom-nav-text-icons","menu":[{"caption":{"$type":"TextProperty","value":"Home"},"icon":{"$type":"IconProperty","icon":{"type":"glyph","iconClass":"glyphicon-home"}},"action":null},{"caption":{"$type":"TextProperty","value":"Layouts"},"icon":{"$type":"IconProperty","icon":{"type":"glyph","iconClass":"glyphicon-book"}},"action":null},{"caption":{"$type":"TextProperty","value":"Templates"},"icon":{"$type":"IconProperty","icon":{"type":"glyph","iconClass":"glyphicon-file"}},"action":null},{"caption":{"$type":"TextProperty","value":"Widgets"},"icon":{"$type":"IconProperty","icon":{"type":"glyph","iconClass":"glyphicon-cog"}},"action":null}],"orientation":"horizontal"}}],"listenTargets":[]'></div></div></div></div></m:argument></m:arguments></m:layout>