﻿<?xml version='1.0' encoding='utf-8'?><m:layout id='6487e053-dcf7-47de-8988-1b0bd17898e6' xmlns='http://www.w3.org/1999/xhtml' xmlns:m='http://schemas.mendix.com/forms/1.0'><m:arguments><m:argument><div data-mendix-id='28.Atlas_Core.Tablet_TopBar.layoutContainer' data-mendix-type='mxui.widget.VerticalScrollContainer' data-mendix-props='"fixed":true,"config":[{"position":"top"},{"position":"middle"}]' class='mx-scrollcontainer mx-scrollcontainer-vertical mx-scrollcontainer-fixed'><div class='mx-scrollcontainer-top region-topbar'><div class='mx-scrollcontainer-wrapper'><div class='mx-header mx-name-header1'><div class='mx-header-center'><div data-mendix-id='28.2' data-mendix-type='mxui.widget.ReactWidgetWrapper' data-mendix-props='"widgetTree":[{"$widgetId":"28.2","widget":"Title","props":{"class":"","caption":{"$type":"ExpressionProperty","expression":{"expr":{"type":"variable","variable":"pageTitle"},"args":{}}}}}],"listenTargets":[]'></div></div><div class='mx-header-left'><div data-mx-placeholder='8e43569a-1044-4ed3-8f5e-cfcfef23f120' class='mx-placeholder'></div></div><div class='mx-header-right'><div data-mx-placeholder='6fb43a7e-09cf-40b9-af82-c61ade0bd5f4' class='mx-placeholder'></div></div></div></div></div><div class='mx-scrollcontainer-middle region-content'><div class='mx-scrollcontainer-wrapper'><div data-mx-placeholder='7576359c-373d-475c-a815-b5e396eec8f0' class='mx-placeholder'></div></div></div></div></m:argument></m:arguments></m:layout>