﻿<?xml version='1.0' encoding='utf-8'?><m:page id='50eeafe1-72bd-4f75-be7b-d68c1e2bbb88' xmlns='http://www.w3.org/1999/xhtml' title='My second home' class='layout-atlas layout-atlas-responsive-default' xmlns:m='http://schemas.mendix.com/forms/1.0'><m:layouts><m:layout path='Atlas_Core/Atlas_Default.layout.xml'></m:layout></m:layouts><m:arguments><m:argument parameterName='e51872b6-ecd7-4203-90dd-92de20879072'><div data-mendix-id='25.MySecondModule.MySecondHome.container1' data-mendix-type='mxui.widget.ReactWidgetWrapper' data-mendix-props='"widgetTree":[{"$widgetId":"25.MySecondModule.MySecondHome.container1","widget":"Container","props":{"class":"mx-name-container1 pageheader","renderMode":"div","onClick":null,"content":[{"$widgetId":"25.MySecondModule.MySecondHome.layoutGrid2","widget":"Div","props":{"class":"mx-name-layoutGrid2 mx-layoutgrid mx-layoutgrid-fluid container-fluid","content":[{"$widgetId":"25.MySecondModule.MySecondHome.layoutGrid2$row0","widget":"Div","props":{"class":"row","content":[{"$widgetId":"25.MySecondModule.MySecondHome.layoutGrid2$row0$column0","widget":"Div","props":{"class":"col-lg col-md col","content":[{"$widgetId":"25.MySecondModule.MySecondHome.text1","widget":"Text","props":{"class":"mx-name-text1 pageheader-title spacing-outer-bottom","caption":{"$type":"ExpressionProperty","expression":{"expr":{"type":"literal","value":"Home of Second"},"args":{}}},"renderMode":"h3"}},{"$widgetId":"25.MySecondModule.MySecondHome.text2","widget":"Text","props":{"class":"mx-name-text2 pageheader-subtitle text-detail","caption":{"$type":"ExpressionProperty","expression":{"expr":{"type":"literal","value":"Welcome to your new app"},"args":{}}},"renderMode":"p"}},{"$widgetId":"25.MySecondModule.MySecondHome.actionButton1","widget":"ActionButton","props":{"buttonId":"25.MySecondModule.MySecondHome.actionButton1","class":"mx-name-actionButton1","renderType":"button","buttonClass":"btn-default","caption":{"$type":"ExpressionProperty","expression":{"expr":{"type":"literal","value":"Go To FirstModule "},"args":{}}},"tooltip":{"$type":"TextProperty","value":""},"action":{"$type":"ActionProperty","action":{"type":"openPage","argMap":{},"config":{"name":"MyFirstModule/Home_Web.page.xml","location":"content"},"disabledDuringExecution":true},"abortOnServerValidation":true}}}]}}]}}]}}],"ariaHidden":false}}],"listenTargets":[]'></div><div data-mendix-id='25.MySecondModule.MySecondHome.layoutGrid1' data-mendix-type='mxui.widget.ReactWidgetWrapper' data-mendix-props='"widgetTree":[{"$widgetId":"25.MySecondModule.MySecondHome.layoutGrid1","widget":"Div","props":{"class":"mx-name-layoutGrid1 mx-layoutgrid mx-layoutgrid-fluid container-fluid","content":[{"$widgetId":"25.MySecondModule.MySecondHome.layoutGrid1$row0","widget":"Div","props":{"class":"row","content":[{"$widgetId":"25.MySecondModule.MySecondHome.layoutGrid1$row0$column0","widget":"Div","props":{"class":"col-lg-12 col-md-12 col-12","content":null}}]}}]}}],"listenTargets":[]'></div></m:argument></m:arguments></m:page>