﻿<?xml version='1.0' encoding='utf-8'?><m:page id='80e7de4f-7668-402a-a0d8-5615bbf1b31c' xmlns='http://www.w3.org/1999/xhtml' title='Accounts' class='layout-atlas layout-atlas-responsive-default page-tabs page-tabs-fullwidth' xmlns:m='http://schemas.mendix.com/forms/1.0'><m:layouts><m:layout path='Atlas_Core/Atlas_Default.layout.xml'></m:layout></m:layouts><m:arguments><m:argument parameterName='e51872b6-ecd7-4203-90dd-92de20879072'><div data-mendix-id='6.Administration.Account_Overview.container1' data-mendix-type='mxui.widget.ReactWidgetWrapper' data-mendix-props='"widgetTree":[{"$widgetId":"6.Administration.Account_Overview.container1","widget":"Container","props":{"class":"mx-name-container1 pageheader pageheader-fullwidth","renderMode":"div","onClick":null,"content":[{"$widgetId":"6.Administration.Account_Overview.layoutGrid1","widget":"Div","props":{"class":"mx-name-layoutGrid1 mx-layoutgrid mx-layoutgrid-fluid container-fluid","content":[{"$widgetId":"6.Administration.Account_Overview.layoutGrid1$row0","widget":"Div","props":{"class":"row","content":[{"$widgetId":"6.Administration.Account_Overview.layoutGrid1$row0$column0","widget":"Div","props":{"class":"col-lg-12 col-md-12 col-12","content":[{"$widgetId":"6.Administration.Account_Overview.label1","widget":"Text","props":{"class":"mx-name-label1 pageheader-title","caption":{"$type":"ExpressionProperty","expression":{"expr":{"type":"literal","value":"Account Overview"},"args":{}}},"renderMode":"h2"}},{"$widgetId":"6.Administration.Account_Overview.label2","widget":"Text","props":{"class":"mx-name-label2 pageheader-subtitle","caption":{"$type":"ExpressionProperty","expression":{"expr":{"type":"literal","value":"These are the Mendix AppCloud users that have signed in to your app at least once. Please note that only &apos;Local&apos; users should be managed in this app. Mendix Appcloud users are provisioned by the AppCloudServices module and should be managed from the central user management screen (Launchpad &gt; App Details &gt; Manage App Users)."},"args":{}}},"renderMode":"h4"}}]}}]}}]}}],"ariaHidden":false}}],"listenTargets":[]'></div><div data-mendix-id='6.Administration.Account_Overview.tabControl' data-mendix-type='mxui.widget.TabContainer' class='mx-name-tabControl tabsfullwidth' tabindex='0'></div></m:argument></m:arguments><m:templates><m:template widget-id='6.Administration.Account_Overview.tabControl' name='pages'><div data-mendix-id='6.Administration.Account_Overview.tabPage2' data-mendix-type='mxui.widget.TabContent' data-mendix-props='"title":"Local Users","delayLoading":false,"tabName":"tabPage2"'></div></m:template><m:template widget-id='6.Administration.Account_Overview.tabPage2' name='content'><div class='mx-layoutgrid mx-layoutgrid-fluid container-fluid mx-name-layoutGrid4'><div class='row'><div class='col-lg-12 col-md-12 col-12'><div data-mendix-id='6.Administration.Account_Overview.grid12' data-mendix-type='mxui.widget.DataGrid' data-mendix-props='"entity":"Administration.Account","schema":"8c94c301-0270-40c2-bb63-f0827bd0da9f","config":{"locale":"en_US","gridType":"Standalone","gridpresentation":{"rows":20,"columns":1,"controlbar":true,"pagingbar":"YesWithTotalCount","sortparams":[["FullName","asc"]],"searchbar":true,"waitforsearch":false,"selectionmode":"single","editable":false,"sortable":true,"refresh":0,"selectfirst":false,"showemptyrows":false},"datasource":{"type":"database","path":"Administration.Account","constraint":"[IsLocalUser and System.UserRoles/System.UserRole/System.grantableRoles[reversed()]/System.UserRole/System.UserRoles = &apos;[%CurrentUser%]&apos;]","offlineConstraints":{"type":"function","name":"and","parameters":[{"type":"attribute","attribute":"IsLocalUser","attributeType":"Boolean"},{"type":"function","name":"=","parameters":[{"type":"attribute","attribute":"System.UserRoles","attributeType":"ObjectReferenceSet"},{"type":"token","name":"currentUser"}]}]}},"searchOptions":{"searchBar":true,"toggleable":false,"toggledByDefault":false},"searchElements":[{"searchInputName":"searchField4","defaults":null,"defaultsParser":"Simple","caption":"Display Name","path":"FullName","operator":"contains"},{"searchInputName":"searchField5","defaults":null,"defaultsParser":"Simple","caption":"Login","path":"Name","operator":"contains"},{"searchInputName":"searchField6","defaults":null,"defaultsParser":"Simple","caption":"W. service user","path":"WebServiceUser","operator":"=","retriever":"Bool"},{"searchInputName":"searchField7","defaults":null,"defaultsParser":"Simple","caption":"Role","path":"System.UserRoles/System.UserRole/Name","operator":"contains"}],"controlBar":{"gridTools":[{"mxid":"6.Administration.Account_Overview.microflowButton2","name":"microflowButton2","caption":{"expr":{"type":"literal","value":"New local user"},"args":{}},"title":"","cssClass":"btn-success"},{"mxid":"6.Administration.Account_Overview.microflowButton3","name":"microflowButton3","caption":{"expr":{"type":"literal","value":"New web service user"},"args":{}},"title":"","cssClass":"btn-default"},{"mxid":"6.Administration.Account_Overview.editButton2","name":"editButton2","caption":{"expr":{"type":"literal","value":"Edit"},"args":{}},"title":"","cssClass":"btn-default"},{"mxid":"6.Administration.Account_Overview.deleteButton2","name":"deleteButton2","caption":{"expr":{"type":"literal","value":"Delete"},"args":{}},"title":"","cssClass":"btn-danger"}],"gridActions":[{"keyValue":"6.Administration.Account_Overview.microflowButton2","gridFunction":"InvokeAction","params":{"action":{"type":"callMicroflow","argMap":{},"config":{"name":"Administration.NewAccount"},"disabledDuringExecution":false},"maintainSelection":false}},{"keyValue":"6.Administration.Account_Overview.microflowButton3","gridFunction":"InvokeAction","params":{"action":{"type":"callMicroflow","argMap":{},"config":{"name":"Administration.NewWebServiceAccount"},"disabledDuringExecution":false},"maintainSelection":false}},{"keyValue":"6.Administration.Account_Overview.editButton2","gridFunction":"InvokeAction","params":{"action":{"type":"openPage","argMap":{"$pageParameter":{"widget":"6.Administration.Account_Overview.grid12","source":"selection"}},"config":{"name":"Administration/Account_Edit.page.xml","location":"modal","resizable":true},"disabledDuringExecution":false},"maintainSelection":true}},{"keyValue":"6.Administration.Account_Overview.deleteButton2","gridFunction":"InvokeAction","params":{"action":{"type":"deleteObject","argMap":{"$object":{"widget":"6.Administration.Account_Overview.grid12","source":"selection"}},"config":{"closePage":false},"disabledDuringExecution":false},"maintainSelection":false}}]},"defaultButton":{"clickType":"double","mxid":"6.Administration.Account_Overview.editButton2"},"griddata":[{"tag":"FullName","name":"column10","dataMendixId":"6.Administration.Account_Overview.column10","editable":false,"render":"String","display":{"width":"20%","string":"Full name"}},{"tag":"Name","name":"column11","dataMendixId":"6.Administration.Account_Overview.column11","editable":false,"render":"String","display":{"width":"20%","string":"Login"}},{"tag":"System.UserRoles/System.UserRole/Name","name":"column12","dataMendixId":"6.Administration.Account_Overview.column12","editable":false,"render":"String","display":{"width":"20%","string":"Roles"}},{"tag":"LastLogin","name":"column13","dataMendixId":"6.Administration.Account_Overview.column13","editable":false,"render":"Date","display":{"width":"10%","string":"Last login","formatSettings":{"dateFormat":"Date"}}},{"tag":"Active","name":"column15","dataMendixId":"6.Administration.Account_Overview.column15","editable":false,"render":"Boolean","display":{"width":"10%","string":"Active"}},{"tag":"WebServiceUser","name":"column17","dataMendixId":"6.Administration.Account_Overview.column17","editable":false,"render":"Boolean","display":{"width":"10%","string":"Web service user"}},{"tag":"IsLocalUser","name":"column19","dataMendixId":"6.Administration.Account_Overview.column19","editable":false,"render":"Boolean","display":{"width":"10%","string":"Local"}}],"plugins":{}},"caption":{"expr":{"type":"literal","value":""},"args":{}}' class='mx-datagrid mx-name-grid12 datagrid-large datagrid-hover' tabindex='0'></div></div></div></div></m:template></m:templates></m:page>