﻿<?xml version='1.0' encoding='utf-8'?><m:page id='ac01f828-b8b3-41a7-a212-73e661859455' xmlns='http://www.w3.org/1999/xhtml' title='Change Password' closeButton='4.Administration.ChangePasswordForm.cancelButton1' xmlns:m='http://schemas.mendix.com/forms/1.0'><m:layouts><m:layout path='Atlas_Core/PopupLayout.layout.xml'></m:layout></m:layouts><m:arguments><m:argument parameterName='8586777c-1811-4e2b-b681-438a8351f016'><div data-mendix-id='4.Administration.ChangePasswordForm.dataView2' data-mendix-type='mxui.widget.ReactWidgetWrapper' data-mendix-props='"widgetTree":[{"$widgetId":"4.Administration.ChangePasswordForm.dataView2","widget":"DataView","props":{"class":"mx-name-dataView2 form-horizontal","object":{"$type":"AssociationObjectProperty","dataSourceId":"4.6","scope":"$pageParameter"},"emptyMessage":{"$type":"TextProperty","value":""},"body":[{"$widgetId":"4.Administration.ChangePasswordForm.textBox3","widget":"FormGroup","props":{"class":"mx-name-textBox3 mx-textbox","control":[{"$widgetId":"4.Administration.ChangePasswordForm.textBox3.9","widget":"TextBox","props":{"inputValue":{"$type":"AttributeProperty","scope":"4.Administration.ChangePasswordForm.dataView2","path":"","entity":"Administration.AccountPasswordData","attribute":"NewPassword","onChange":{"type":"doNothing","argMap":{},"config":{},"disabledDuringExecution":false},"validation":{"message":"The password cannot be empty.","expression":{"expr":{"type":"function","name":"!=","parameters":[{"type":"variable","variable":"value"},{"type":"literal","value":null}]},"args":{}}},"formatting":{}},"isPassword":true,"placeholder":{"$type":"TextProperty","value":""},"mask":"","readOnlyStyle":"text","maxLength":200,"onEnter":null,"onLeave":null,"onEnterKeyPress":null,"autocomplete":"on","submitWhileEditing":false,"submitDelay":300,"ariaRequired":true,"id":{"$type":"DerivedUniqueIdProperty","widgetId":"4.Administration.ChangePasswordForm.textBox3.9"}}}],"caption":{"$type":"ExpressionProperty","expression":{"expr":{"type":"literal","value":"New password"},"args":{}}},"labelFor":{"$type":"DerivedUniqueIdProperty","widgetId":"4.Administration.ChangePasswordForm.textBox3.9"},"width":3,"orientation":"horizontal","hasError":{"$type":"ValidationProperty","inputWidgetId":"4.Administration.ChangePasswordForm.textBox3.9"}}},{"$widgetId":"4.Administration.ChangePasswordForm.textBox1","widget":"FormGroup","props":{"class":"mx-name-textBox1 mx-textbox","control":[{"$widgetId":"4.Administration.ChangePasswordForm.textBox1.12","widget":"TextBox","props":{"inputValue":{"$type":"AttributeProperty","scope":"4.Administration.ChangePasswordForm.dataView2","path":"","entity":"Administration.AccountPasswordData","attribute":"ConfirmPassword","onChange":{"type":"doNothing","argMap":{},"config":{},"disabledDuringExecution":false},"validation":{"message":"The password cannot be empty.","expression":{"expr":{"type":"function","name":"!=","parameters":[{"type":"variable","variable":"value"},{"type":"literal","value":null}]},"args":{}}},"formatting":{}},"isPassword":true,"placeholder":{"$type":"TextProperty","value":""},"mask":"","readOnlyStyle":"text","maxLength":200,"onEnter":null,"onLeave":null,"onEnterKeyPress":null,"autocomplete":"on","submitWhileEditing":false,"submitDelay":300,"ariaRequired":true,"id":{"$type":"DerivedUniqueIdProperty","widgetId":"4.Administration.ChangePasswordForm.textBox1.12"}}}],"caption":{"$type":"ExpressionProperty","expression":{"expr":{"type":"literal","value":"Confirm password"},"args":{}}},"labelFor":{"$type":"DerivedUniqueIdProperty","widgetId":"4.Administration.ChangePasswordForm.textBox1.12"},"width":3,"orientation":"horizontal","hasError":{"$type":"ValidationProperty","inputWidgetId":"4.Administration.ChangePasswordForm.textBox1.12"}}}],"hideFooter":false,"footer":[{"$widgetId":"4.Administration.ChangePasswordForm.microflowButton1","widget":"ActionButton","props":{"buttonId":"4.Administration.ChangePasswordForm.microflowButton1","class":"mx-name-microflowButton1","renderType":"button","buttonClass":"btn-success","caption":{"$type":"ExpressionProperty","expression":{"expr":{"type":"literal","value":"Change"},"args":{}}},"tooltip":{"$type":"TextProperty","value":""},"action":{"$type":"ActionProperty","action":{"type":"callMicroflow","argMap":{"AccountPasswordData":{"widget":"$pageParameter","source":"object"}},"config":{"name":"Administration.ChangePassword","validate":"view"},"disabledDuringExecution":false},"abortOnServerValidation":true}}},{"$widgetId":"4.Administration.ChangePasswordForm.cancelButton1","widget":"ActionButton","props":{"buttonId":"4.Administration.ChangePasswordForm.cancelButton1","class":"mx-name-cancelButton1","renderType":"button","buttonClass":"btn-default","caption":{"$type":"ExpressionProperty","expression":{"expr":{"type":"literal","value":"Cancel"},"args":{}}},"tooltip":{"$type":"TextProperty","value":""},"action":{"$type":"ActionProperty","action":{"type":"cancelChanges","argMap":{},"config":{"closePage":true},"disabledDuringExecution":true},"abortOnServerValidation":true}}}]}}],"listenTargets":[]'></div></m:argument></m:arguments></m:page>