﻿<?xml version='1.0' encoding='utf-8'?><m:page id='34f7f892-6f1e-4c0e-8d11-41d42d9c5755' xmlns='http://www.w3.org/1999/xhtml' title='Select user roles' xmlns:m='http://schemas.mendix.com/forms/1.0'><m:layouts><m:layout path='Atlas_Core/PopupLayout.layout.xml'></m:layout></m:layouts><m:arguments><m:argument parameterName='8586777c-1811-4e2b-b681-438a8351f016'><div data-mendix-id='0.Administration.UserRole_Select.grid1' data-mendix-type='mxui.widget.DataGrid' data-mendix-props='"entity":"System.UserRole","schema":"a0c84198-0d57-4238-8cb1-81cd679be993","config":{"locale":"en_US","gridType":"Standalone","gridpresentation":{"rows":20,"columns":1,"controlbar":true,"pagingbar":"YesWithTotalCount","sortparams":[["Name","asc"]],"searchbar":true,"waitforsearch":false,"selectionmode":"simplemulti","editable":false,"sortable":true,"refresh":0,"selectfirst":false,"showemptyrows":false},"datasource":{"type":"database","path":"System.UserRole","constraint":"[System.grantableRoles[reversed()]/System.UserRole/System.UserRoles = &apos;[%CurrentUser%]&apos;]","offlineConstraints":{"type":"function","name":"=","parameters":[{"type":"attribute","attribute":"System.grantableRoles","attributeType":"ObjectReferenceSet"},{"type":"token","name":"currentUser"}]}},"searchOptions":{"searchBar":true,"toggleable":true,"toggledByDefault":true},"searchElements":[{"searchInputName":"searchField1","defaults":null,"defaultsParser":"Simple","caption":"Name","path":"Name","operator":"contains"},{"searchInputName":"searchField2","defaults":null,"defaultsParser":"Simple","caption":"Description","path":"Description","operator":"contains"}],"controlBar":{"gridTools":[{"mxid":"0.Administration.UserRole_Select.searchButton1","name":"searchButton1","caption":{"expr":{"type":"literal","value":"Search"},"args":{}},"title":"","cssClass":"btn-default"},{"mxid":"0.Administration.UserRole_Select.selectButton1","name":"selectButton1","caption":{"expr":{"type":"literal","value":"Select"},"args":{}},"title":"","cssClass":"btn-default"}],"gridActions":[{"keyValue":"0.Administration.UserRole_Select.searchButton1","gridFunction":"ToggleSearch"},{"keyValue":"0.Administration.UserRole_Select.selectButton1","gridFunction":"ReturnSelection"}]},"defaultButton":{"clickType":"double","mxid":"0.Administration.UserRole_Select.selectButton1"},"griddata":[{"tag":"Name","name":"column1","dataMendixId":"0.Administration.UserRole_Select.column1","editable":false,"render":"String","display":{"width":"50%","string":"Name"}},{"tag":"Description","name":"column2","dataMendixId":"0.Administration.UserRole_Select.column2","editable":false,"render":"String","display":{"width":"50%","string":"Description"}}],"plugins":{}},"caption":{"expr":{"type":"literal","value":""},"args":{}}' class='mx-datagrid mx-name-grid1' tabindex='0'></div></m:argument></m:arguments></m:page>